metric,value
min,0.6709095239639282
max,1.0
mean,0.9040797350727368
median,0.9075512290000916
