metric,value
min,0.6412333250045776
max,1.0000004768371582
mean,0.9266921702028891
median,0.9332032799720764
